x1,x2,y,dataset_version
20.993428306022466,6.399355436586002,170.28551762099798,data_drifting
19.72347139765763,5.924633682912769,159.71917514670034,data_drifting
21.295377076201383,5.059630369920174,158.28076915920872,data_drifting
23.04605971281605,4.353063222294426,160.45296925738546,data_drifting
19.531693250553328,5.69822331361359,154.74708472194874,data_drifting
19.53172608610164,5.39348538542175,153.80677799209863,data_drifting
23.158425631014783,5.895193220027732,176.74526583071344,data_drifting
21.534869458305817,5.635171801681969,165.2089766772806,data_drifting
19.061051228130097,6.049552715319335,158.46002896227625,data_drifting
21.08512008717193,4.464764788439432,153.01081845788053,data_drifting
19.073164614375074,6.317394065634326,158.93220386384965,data_drifting
19.068540492859487,5.1975996046924,148.55597373265522,data_drifting
20.48392454313207,7.0752608726252655,174.40308909212573,data_drifting
16.173439510684403,4.310812181910432,125.03541627141747,data_drifting
16.550164334973935,6.73596380316525,152.93993454845395,data_drifting
18.875424941518055,5.197910783462648,148.16240640344392,data_drifting
17.974337759331153,4.348581996385551,135.09299391920067,data_drifting
20.628494665190548,4.5161141659456785,148.29975262100277,data_drifting
18.183951848957577,4.67965269180568,140.3517041930539,data_drifting
17.175392597329417,5.424165946401916,140.87936405581277,data_drifting
22.931297537843108,5.5228354880355,171.94477519983687,data_drifting
19.54844739902693,4.426299996061421,144.28261389370704,data_drifting
20.13505640937585,4.975645407739017,153.79239472010806,data_drifting
17.150503627573087,7.142270358611864,157.86640132486497,data_drifting
18.911234550949636,6.727543170100711,160.81209229993448,data_drifting
20.22184517941973,5.4363236696740325,157.65631213859265,data_drifting
17.698012845155393,5.0380034781682,142.67061018896982,data_drifting
20.751396036691343,5.120031326718261,158.19623980357878,data_drifting
18.79872262016239,5.613517972730417,152.33845224339075,data_drifting
19.416612500413446,3.9772074348015947,138.36350066445112,data_drifting
18.796586775541208,4.742623462576655,144.21629110010988,data_drifting
23.704556369017876,3.3314159261224106,152.86339490660902,data_drifting
19.97300555052413,5.399223122605279,156.33361674802967,data_drifting
17.8845781420882,5.647195939702741,148.40032026663505,data_drifting
21.645089824206377,4.516813537700626,156.45379440553702,data_drifting
17.558312700057954,6.573986763290033,158.29109117210118,data_drifting
20.41772719000951,3.774234336997659,142.22339528720292,data_drifting
16.08065975224045,3.53562511979018,117.25058633339656,data_drifting
17.34362790220314,5.224451818559972,140.9370833844234,data_drifting
20.393722471738247,6.047098302612154,162.67051947992366,data_drifting
21.47693315999082,6.6839276914578685,175.52922958344374,data_drifting
20.34273656237994,4.54111573713106,148.7155577450972,data_drifting
19.768703435223518,6.078680833431296,161.10623711249593,data_drifting
19.397792608821423,4.961491530499293,148.75623322113378,data_drifting
17.042956019265144,4.82737270005918,134.66608716453533,data_drifting
18.560311583210584,5.883659937486672,154.75918795824413,data_drifting
19.078722458080424,5.65232287841342,153.9170481394545,data_drifting
22.11424445243783,3.4236078430157506,146.79800037120802,data_drifting
20.687236579136922,6.476540349725896,169.87369167643064,data_drifting
16.47391968927453,6.380091354147451,148.32570267170618,data_drifting
20.64816793878959,4.374437298490471,149.8103109435203,data_drifting
19.229835439167367,5.395803533437409,151.24008231450003,data_drifting
18.646155999388082,5.494030186282739,149.51296537069254,data_drifting
21.223352577681737,5.260673765823907,160.4197745178711,data_drifting
22.0619990449919,4.44969484615458,155.46107276303206,data_drifting
21.862560238232398,4.328376632061948,153.77730965205998,data_drifting
18.321564953554724,4.974445929008555,142.8760631843145,data_drifting
19.381575248297573,6.172729019259364,161.50955561479424,data_drifting
20.662526862807127,5.543600154594432,161.0111971889819,data_drifting
21.95109025424472,4.629385667913894,158.24289786173009,data_drifting
19.04165152430942,5.771698710648344,155.7761426901985,data_drifting
19.628682046672367,2.1514573793699245,121.52061223866168,data_drifting
17.787330051987944,6.1487657003721035,152.81477211358964,data_drifting
17.60758675183866,3.2602862212219,122.5375742184798,data_drifting
21.625051644788396,4.637559058596868,156.7662111593103,data_drifting
22.712480057141647,3.880330105373856,153.7829426818352,data_drifting
19.855979756839332,3.705318524279094,135.89426686871116,data_drifting
22.007065795784047,6.16082678737852,173.5093176905191,data_drifting
20.723272050095268,4.5322987986881085,152.36209637345735,data_drifting
18.70976049078975,5.346503881730715,149.94005667349748,data_drifting
20.722791211016826,4.953079421120816,156.11014775088347,data_drifting
23.07607313293194,5.477040827223122,173.38690465869712,data_drifting
19.928347921780098,5.076821891060256,152.4986161104645,data_drifting
23.129287311628012,3.7170077758114304,155.01383002365998,data_drifting
14.76050979182051,5.99626681944714,135.1475652581396,data_drifting
21.643805008750448,4.506243416838688,154.96538635611205,data_drifting
20.17409413647634,3.443418101340249,137.92042284555535,data_drifting
19.401985299068265,4.571884839034087,145.932659322851,data_drifting
20.183521553071003,6.50075979063431,167.7857593960171,data_drifting
16.024862170798215,5.850221742113493,140.1763390102746,data_drifting
19.560656224324976,4.6513478655921405,146.31728773640287,data_drifting
20.714225143023494,4.650742295681571,152.6797554208623,data_drifting
22.955788089483033,4.678364948782617,162.11873511910778,data_drifting
18.963459563452705,7.076747983560841,165.28859669973468,data_drifting
18.383012794213624,5.381935452231553,147.18388164389208,data_drifting
18.996485912830927,5.43004164719107,150.06213361015116,data_drifting
21.83080423540415,6.030283454031842,170.94871551969183,data_drifting
20.65750221931937,5.238789159026513,157.52762236804452,data_drifting
18.940479592465923,4.740957854179297,143.65872809509958,data_drifting
21.02653486622671,4.803650150915022,156.6216433747545,data_drifting
20.19415509869608,4.928398740585936,152.5815076639421,data_drifting
21.937289981065778,4.962777763490158,161.6147018998413,data_drifting
18.595893812245293,5.72762954363698,152.87797164163968,data_drifting
19.344675706804463,5.051945885807299,148.10400427431455,data_drifting
19.215783693735684,5.73264007721558,156.44443102825448,data_drifting
17.072970103735763,4.919283419891418,136.48192043105752,data_drifting
20.59224055412915,5.07863519031609,156.4180352910479,data_drifting
20.52211054435978,3.0017993154678924,133.55668864343767,data_drifting
20.01022691328492,5.916327674702481,159.66065254743336,data_drifting
19.530825733249706,5.346488475897993,153.9369030832535,data_drifting
17.169258515899173,5.998010109859652,148.2028032041899,data_drifting
19.15870935446928,2.1037446218063107,117.928941436052,data_drifting
19.314570966946462,7.088374704780728,168.5869388012649,data_drifting
18.39544546155676,4.860410371844826,143.70676581064686,data_drifting
19.67742857666798,6.108182816737516,160.27955915784776,data_drifting
20.80810171362908,3.960094072874469,147.28412225014603,data_drifting
23.77237180242106,5.61277390506257,176.0889773280831,data_drifting
20.349155625663677,3.9465844368263436,143.85001442219018,data_drifting
20.51510078144553,4.376231039304195,148.00919582452062,data_drifting
19.851108168467665,6.914031353866786,170.99904181208854,data_drifting
16.162457569401916,4.809317599236653,130.3613498372619,data_drifting
19.946972249101567,5.217432873179723,153.74639707123276,data_drifting
20.120460419882054,5.8700677306887545,161.34389858169354,data_drifting
24.926484224970572,5.495681887972605,180.58705254879746,data_drifting
19.615278070437753,5.150418905143576,152.32140374904466,data_drifting
20.603094684667226,5.3649610024662255,158.15186988152678,data_drifting
19.930576460589513,7.403415585238275,175.4584382399903,data_drifting
17.662643924760935,4.9423812029664145,138.74268227886031,data_drifting
22.285645629030043,5.201099046714967,162.8768849535046,data_drifting
21.503866065373547,6.050654396007612,169.8348465243437,data_drifting
21.582063894086094,6.105525932957984,173.3781942216232,data_drifting
18.18122509041052,6.187030305560381,155.56103279555444,data_drifting
22.805588621872197,5.638730222029185,172.39598494991844,data_drifting
17.19629787441544,3.8569950872695165,126.28854941556408,data_drifting
21.17371418760054,6.6334315323010955,174.2253521538257,data_drifting
24.380911251619956,3.853654606981312,162.9882214430881,data_drifting
18.01892734973862,5.3026354652390335,143.9401785857746,data_drifting
18.867404540794457,4.245724149980642,139.90858589844757,data_drifting
20.199302730175283,4.935861653407008,153.07051150038774,data_drifting
18.9930486917676,5.32876241030348,150.97105328758073,data_drifting
16.898673137867736,5.3213572154502735,140.14541358265114,data_drifting
20.137125949612056,5.421920754235285,156.92445394810713,data_drifting
17.87539257254779,6.613711269058647,158.18693678929222,data_drifting
20.94718486127036,5.453534301513979,161.86308145523296,data_drifting
18.161151531532393,4.755843364709351,140.01015059381444,data_drifting
23.09986881003508,5.964087168288358,176.56661396016207,data_drifting
18.433493415327526,6.18947048892464,156.16402826114603,data_drifting
19.35587696758865,3.7723921848630075,138.05232683806852,data_drifting
21.62703443473934,5.597400069849858,164.87006579654138,data_drifting
17.53827136713209,5.701172742310899,145.235558993017,data_drifting
20.454919869208258,4.702436496640008,151.4637251536779,data_drifting
22.614285508564855,6.37570681331162,178.8793833777965,data_drifting
16.785033530877545,4.849944412967473,134.59795344843286,data_drifting
20.36926771706461,5.125576453471543,155.34605631794696,data_drifting
20.519765588496846,4.82692817571613,152.64490744501074,data_drifting
21.56364574355462,5.015579047581467,161.46388263218984,data_drifting
17.526098578243836,3.9037249131047984,127.06683804379065,data_drifting
17.359086773831446,3.5599491174057056,123.56642801843405,data_drifting
21.043883131233795,6.594505063224972,173.06121152826964,data_drifting
20.593969346466373,4.153038651681673,144.8570444379944,data_drifting
20.500985700691754,4.008607650543693,144.41515060446363,data_drifting
20.69289641899395,2.846609886396285,135.59205112466063,data_drifting
18.63995055684302,4.361038252310498,138.83102179561604,data_drifting
20.464507394322005,3.6769102065925017,141.32233994325372,data_drifting
20.58614494659736,6.642015160136369,170.0907115691779,data_drifting
18.571297163947264,6.009817089342635,154.33829530512318,data_drifting
23.731549022289514,4.311849654822276,163.4010452793464,data_drifting
20.947665841823575,7.252435805344309,178.94497216580473,data_drifting
17.617393005594703,5.981765486991594,151.18626369289322,data_drifting
21.31310721726766,4.675168616491377,155.8749133119772,data_drifting
18.050636659545358,2.500594285126427,116.14766819205403,data_drifting
21.574169207484903,7.290942572590742,183.02677654176395,data_drifting
22.317191158014808,3.610427533236404,150.18845287093487,data_drifting
18.358635363296578,3.354601253043108,128.47933838543523,data_drifting
21.926752258488644,6.0225704320096405,173.440006299108,data_drifting
20.825561853872998,7.439752406339273,179.51023914092985,data_drifting
21.64412031998898,6.384272818510518,173.25247227383974,data_drifting
23.793585965307894,5.56390912005236,175.34944316814844,data_drifting
19.50922376799426,5.594754341665286,155.25964239751718,data_drifting
18.49252767128502,5.853415558780307,153.4631523186745,data_drifting
18.220971140748954,5.758928589786765,151.68147611820154,data_drifting
18.368379430069123,5.281191423969376,146.57786036639686,data_drifting
19.845796581171793,5.104201103951876,151.9511464221229,data_drifting
20.682303949633287,4.937406872100477,154.93734646141996,data_drifting
20.55338159866004,4.246035411133324,146.3921192030034,data_drifting
21.654366498072047,4.719324923133226,159.55462044338728,data_drifting
20.026003783755815,3.3070431858046145,133.59278974970715,data_drifting
22.907068154314633,4.90166037320525,165.73668508252138,data_drifting
19.47068633352409,4.011408892849083,141.49112681534092,data_drifting
25.440338333179238,3.896410682784229,168.17259833829849,data_drifting
21.251334695530012,5.179894151153478,159.86557595418336,data_drifting
18.285684887167434,6.392002286344599,156.99100187647275,data_drifting
17.858215003877774,5.918316606002313,150.29384939764958,data_drifting
20.96494483048637,3.4294993963768228,142.4925665908766,data_drifting
19.5530744293483,4.010371863429662,137.6572288697086,data_drifting
21.428000988184184,5.940771187988216,170.08115052209942,data_drifting
20.94647524914709,4.017512606461691,145.4835451579022,data_drifting
19.854342174686256,4.775366850002976,148.75872704422662,data_drifting
18.30641256386319,5.550052099024552,148.6033393892628,data_drifting
16.97030555062827,4.031655545136365,127.75663647427572,data_drifting
19.106970095865957,5.10537550614596,146.99048118890565,data_drifting
21.712797588646943,3.6659745050817953,147.6859056601346,data_drifting
20.42818748826041,4.398632356048786,150.15157062507677,data_drifting
17.508522442576023,5.3197819341425365,141.37725754971265,data_drifting
20.346361851702365,3.407006266468331,137.99157809080552,data_drifting
20.770634759457675,5.440474737960399,159.59593899909575,data_drifting
18.232285127597734,4.980362201073318,143.3909348549149,data_drifting
20.307450211891055,5.5524899544171475,159.0812983810425,data_drifting
20.116417436892,5.223914134064661,154.1797416160623,data_drifting
17.714059404338755,6.364140429973844,154.6995736063033,data_drifting
20.715574720696566,5.1252245026479075,158.63446673974863,data_drifting
21.12156905273647,4.570594458874747,153.1228860607025,data_drifting
22.166102486350553,5.122297503032284,164.77324540422381,data_drifting
22.107604104069807,5.543298029036388,166.67772785284174,data_drifting
17.244661264085817,5.048860070325705,137.75547064686813,data_drifting
18.124349920169756,5.040591691203883,143.50007279076797,data_drifting
21.03007053441732,4.298008312193245,151.614551822555,data_drifting
21.027571901824416,4.337099082449052,150.86446368239825,data_drifting
21.030095372612095,3.5973947282003067,142.81136611454036,data_drifting
27.70546298130944,6.749576743186939,208.02237374383995,data_drifting
21.141781021386333,3.7561367646087147,144.0198650190491,data_drifting
22.271131280361196,4.307094802204093,157.0311197502023,data_drifting
21.908003526986406,4.281592734430802,155.23827804156346,data_drifting
21.302782502611596,5.8949243769444415,167.0110659496693,data_drifting
19.369461510719308,4.705050321707972,145.42776862291674,data_drifting
21.517938440986534,6.247742072673734,172.33299116132207,data_drifting
18.454349570924855,4.326509375756132,137.10012187614498,data_drifting
19.526362786519982,5.278994162223802,152.35562294021213,data_drifting
19.02927290434179,4.164652946740243,140.89261577827793,data_drifting
20.163748278772644,7.145149127773388,174.0232069708511,data_drifting
24.629317133347016,3.812401580970487,162.91226132441872,data_drifting
16.265469614816503,5.309820710227028,135.77801337071764,data_drifting
21.372520380749027,5.633776880932098,165.94456268456602,data_drifting
16.774568257620697,5.4137990974514985,139.82960808940035,data_drifting
19.056136268421135,4.814712341122291,144.77843171500717,data_drifting
22.177901193934733,4.870179300266574,162.91260300461244,data_drifting
20.128560038190926,5.04381147197911,154.50051791525937,data_drifting
17.844510444141388,4.852997998371511,139.15210863868333,data_drifting
18.569392581480063,5.96387911679491,152.6192141239888,data_drifting
21.35919549786935,7.210523001591351,181.9087211950972,data_drifting
18.539266736565725,4.442508214992166,138.4367860069903,data_drifting
20.43291717916395,3.630197020420922,141.25718169919176,data_drifting
20.091143679807626,4.911717951648745,149.60279409781373,data_drifting
18.696799304788367,7.579709337654318,172.17368723878434,data_drifting
24.28788817865065,4.196325432030269,164.19152328427515,data_drifting
21.267838044636022,6.6391168054440675,175.4611223966873,data_drifting
15.949714826684787,6.677700814076441,148.53985534202477,data_drifting
20.372908629538856,4.4464117582920055,147.37472131121768,data_drifting
18.676427070463223,5.5689830791852755,150.6649298312421,data_drifting
21.704866669592448,6.628396623128538,177.49461803620432,data_drifting
18.414958523134597,4.620872259012513,140.38940965891337,data_drifting
19.7705271170662,4.796419639897638,149.40124496477986,data_drifting
21.009974557960913,4.418319086051357,153.2095042348336,data_drifting
21.731510388340244,3.985243269307133,148.94574302306148,data_drifting
17.59940718588845,4.350722454933993,135.1214730537508,data_drifting
19.330997528318104,3.7760597332377435,136.51994091149118,data_drifting
19.050109377678087,5.034083468259226,146.69259752265955,data_drifting
18.693341534852575,4.230026768941358,136.43666173793747,data_drifting
23.530908480562193,5.233785911790748,171.8032811299414,data_drifting
20.80996342192191,3.444104353796373,141.41251075949774,data_drifting
17.47823209132991,5.330880232214457,142.57241365841662,data_drifting
21.835723894109552,5.833528961608924,171.02506401688436,data_drifting
24.244312394025265,3.0062643574285444,151.83302985436018,data_drifting
22.064930521102294,5.374056569847572,166.05312935614114,data_drifting
16.961260068091974,6.227668992473292,147.83059682077968,data_drifting
19.0315318542675,3.7903589813087946,135.4248809670504,data_drifting
22.533822298373245,6.672572386837704,182.28172275034058,data_drifting
18.58466106876244,5.419019009366045,148.6927336437916,data_drifting
20.887638856292458,4.294988144241591,146.7838618672511,data_drifting
21.549268106858673,4.944230922342294,159.38759790451277,data_drifting
18.146139056843833,5.558326912521722,148.75070296116988,data_drifting
19.8809492878764,5.076005391412411,152.56909510846782,data_drifting
13.517465319861856,5.538755992446369,126.21066871559512,data_drifting
17.95122471733142,4.079326406920634,131.4783339762144,data_drifting
19.49486369721368,5.169360824036078,151.84814283187964,data_drifting
17.504433636070303,3.58628550309502,126.57753072377969,data_drifting
23.26482260786327,4.888773938651299,165.43326484182282,data_drifting
17.139717244078735,4.09609235853521,128.97916163166477,data_drifting
19.119911026606033,4.264470057410233,139.74007587612482,data_drifting
20.261481154572184,6.236093175210438,165.58681485186364,data_drifting
22.88254657813223,6.091310120594269,177.6735105801422,data_drifting
17.128275697641122,5.609138120907177,143.24553113316384,data_drifting
22.32632750430992,3.907687235327421,152.03280179566218,data_drifting
20.020466122039174,4.683591550305198,148.9723985307359,data_drifting
18.036982697904097,6.213097699979183,153.22864455044953,data_drifting
20.924206948526543,5.141716913639905,156.95237875014658,data_drifting
20.398119391146942,7.319329539981695,177.86326563850815,data_drifting
18.79956624568241,5.3933178393943715,148.7822155871971,data_drifting
20.13960416998004,5.192049116490032,155.28482451570972,data_drifting
19.22937280627648,4.690883535797498,145.5182906822113,data_drifting
20.227034690502496,5.133540904782282,152.7447757715447,data_drifting
21.324261349042093,4.8475301636194565,156.41904372906936,data_drifting
23.172033632290706,5.708108676688591,176.13536433138682,data_drifting
17.5243690023463,5.956702316794584,148.20770264853766,data_drifting
24.266066749312532,4.21401053949205,165.00603487917377,data_drifting
16.095824400954996,3.668767046442222,119.62885336244909,data_drifting
19.696429809928834,3.1637946268967037,132.90348582789377,data_drifting
21.176634412969154,5.507991326912544,162.7115464479267,data_drifting
20.561983735470065,3.8966333938261264,143.17874242091995,data_drifting
18.75460096035881,2.847109407047517,125.66646873396775,data_drifting
19.58375549928545,5.388578604530964,155.54346320553447,data_drifting
19.013998130682335,7.492999517432791,172.9788438785214,data_drifting
18.821270486111576,4.993929088460106,146.13096145772397,data_drifting
21.69920419404205,5.838490774451642,168.07266299308574,data_drifting
20.714030971930093,5.081829358547565,155.55800403856958,data_drifting
18.614180809478693,4.901110346808857,144.60452162074782,data_drifting
21.799199750866503,5.9190764829877685,170.6051618050989,data_drifting
20.61459904175322,4.709725455811348,153.57184835982602,data_drifting
21.62572423767792,5.267392314071903,163.45299442164477,data_drifting
21.259257683847224,5.321697806196013,160.01018617943643,data_drifting
18.342009978155854,4.331909546356951,138.0810929720717,data_drifting
18.87963791960606,5.992042349536523,155.32055246608112,data_drifting
21.494587210246525,4.825040243304591,157.33936721232618,data_drifting
21.22074053086693,4.244254840507155,150.79645126565788,data_drifting
19.958196812071705,5.536509843570403,159.15174998584652,data_drifting
20.234654766617563,4.101532018208963,147.2985125711828,data_drifting
22.55532979157685,5.028181157369128,165.6651835907117,data_drifting
18.81685722232834,4.990881003355796,145.80989952647928,data_drifting
21.094194762340077,6.085895565831578,168.86443511849671,data_drifting
19.595614695132213,5.474698232879953,155.61271123033444,data_drifting
19.56463759354556,4.974973041254856,149.25225075471917,data_drifting
22.19755370397438,5.817766299200287,172.9606428677871,data_drifting
21.65083269797606,6.390207549017314,174.38630973924484,data_drifting
21.627019272001277,5.557810306351862,166.21094251261638,data_drifting
22.61095761430866,5.01035261984338,165.82423852203155,data_drifting
20.042007683265517,3.6881637676498404,139.51326270344046,data_drifting
21.363905942589927,3.9348863369246274,149.00733358266552,data_drifting
19.379466486813087,4.694775295645332,145.22783220397184,data_drifting
20.648332704976884,4.390487797840716,148.58823974934555,data_drifting
19.739713891264632,4.813028697014554,147.72870219349699,data_drifting
20.193991929985437,5.0566499248971075,153.97596012951848,data_drifting
21.190314050873827,5.529692754356731,164.02743430144855,data_drifting
18.363558633533057,4.9295012219409085,143.57057825322627,data_drifting
24.18477455137092,5.486501643826202,179.46338162846413,data_drifting
17.987965237000594,5.06447441481012,142.57897431427514,data_drifting
17.571622774424537,3.0245334336461287,120.77218986417648,data_drifting
22.316221747000135,4.060664606181246,153.0960539206738,data_drifting
21.58332538792587,4.855912444278385,158.0886516799388,data_drifting
21.24823963410431,3.7903052571588924,146.83978849967625,data_drifting
21.25669101852856,5.599928729996204,165.13184450334796,data_drifting
19.97550645430617,6.530750832343697,166.89107364730364,data_drifting
18.20549125702834,6.218761851697317,155.1434755502568,data_drifting
20.15160911638745,4.786557129069792,149.10574312595438,data_drifting
18.645676576975777,6.490726136849952,159.7786150525718,data_drifting
21.9502394668355,5.148667457202111,164.12825506971842,data_drifting
19.705885236995723,4.662914028881961,147.7337714899048,data_drifting
18.349005606414977,4.38659733645906,138.11166711804668,data_drifting
19.357228316694012,4.697530313511872,145.81121840576975,data_drifting
20.825862908551247,4.611823181458771,152.2546095159721,data_drifting
18.87255089439205,5.170416222375488,147.40659555624168,data_drifting
18.355559208867138,5.160573981049865,146.0823642750369,data_drifting
20.487374422983823,5.003046020153414,154.88830526084263,data_drifting
20.489933142217446,5.43693816974635,159.3110662565435,data_drifting
18.98611364925774,6.190646274786341,158.31099615148452,data_drifting
19.057923388763353,5.949554135441324,154.63181537835877,data_drifting
20.464099874715274,3.5151020315500965,140.56867240083102,data_drifting
17.10383131700535,2.446078865098045,111.5011077799988,data_drifting
17.18507245124689,5.934319911239274,146.40578560458408,data_drifting
18.563111557495127,3.6331213015845787,131.84024971523542,data_drifting
19.573105696576306,4.775234598107317,147.22586182403558,data_drifting
20.62181513119601,3.8298869739406403,144.46788177943304,data_drifting
22.950712433899103,3.1980195624199803,149.350763743272,data_drifting
21.71531924640404,5.541462728204788,166.67479283726857,data_drifting
19.680122940073147,5.7591551603026465,156.62621059219165,data_drifting
19.96196758419462,4.423489599273281,147.25667789909232,data_drifting
17.994941270724382,2.40895770785509,116.32553396340667,data_drifting
19.96297372801522,4.453755551747517,145.98314701830506,data_drifting
19.422682722159724,5.3918040054025465,153.17484213216633,data_drifting
20.645437120676178,3.5210884312258712,138.66183468274127,data_drifting
18.345538112895355,5.183359919779155,145.969942573749,data_drifting
21.038693028482346,4.984690150827005,156.01099514249972,data_drifting
23.065477826005157,5.579291499601088,171.76763384019313,data_drifting
19.782479703086285,5.119580368414153,150.58584301335506,data_drifting
20.803423444197882,4.026931059118445,147.39911618716377,data_drifting
21.380287983422225,6.196571501664492,170.23789154006326,data_drifting
19.19755905622833,4.84147042697303,147.93622726078843,data_drifting
20.448184963620832,4.972695460490068,153.43207795995252,data_drifting
20.02518480156359,4.066732040926804,141.08588645949305,data_drifting
20.195352197097662,4.55671774880849,147.42741403362456,data_drifting
18.453980432289068,4.115197285973099,136.65768664118326,data_drifting
20.049020348517885,4.827053940076577,150.35974296541852,data_drifting
20.9959965824909,6.7117084801423434,173.54878041738735,data_drifting
22.902287215590082,3.6280988570686437,152.95244287448963,data_drifting
21.918541652170415,3.386438602123259,145.9588770182522,data_drifting
24.306364915023114,6.471170327493608,189.36092666595408,data_drifting
18.4653048742239,4.7906763228481335,143.68178682949375,data_drifting
21.744641273441356,4.330927261340084,153.67271033481853,data_drifting
20.366684011476703,6.039904687396076,162.90641924526224,data_drifting
24.379605866435345,4.394384460263136,167.4284087736848,data_drifting
18.383403429289697,6.826009713546936,162.43739478850074,data_drifting
18.32055631563845,5.677925871339269,149.41828136537433,data_drifting
18.801214709111957,4.5120885918542974,140.16980854920772,data_drifting
15.752208551380386,7.1573082132655035,152.67791277110683,data_drifting
18.94848995663848,4.3942850769966615,140.63664820158857,data_drifting
18.481734676892604,5.742095372009307,151.86242409996768,data_drifting
20.300787572952416,5.299292580406492,155.73836833412696,data_drifting
20.68351195155432,6.301741289398798,168.20457193755382,data_drifting
23.752341678431772,6.561511196726853,185.4525872151591,data_drifting
21.900847676372102,5.0320041490657665,162.714478283643,data_drifting
18.846192688675195,4.246582129653817,139.73203407463788,data_drifting
18.203170657303286,5.459972142939116,145.76938685366952,data_drifting
20.983838343013012,4.322284630247894,149.2125271573516,data_drifting
17.359533585958715,7.013387247526623,157.43501114996974,data_drifting
23.662917531708707,5.1365353310827375,171.029917034964,data_drifting
22.358880241442574,4.634678448687891,160.05774772430144,data_drifting
19.06164869579059,5.184680305864909,147.70540131790352,data_drifting
16.573730941818244,3.6528737104703035,120.47553200066895,data_drifting
22.707744748330825,4.028385961489349,154.81862598446614,data_drifting
19.770920309494763,6.200413907944426,163.066007956317,data_drifting
22.47563262394692,4.343105721028604,157.8785646670569,data_drifting
16.811144682411268,3.95308901731806,124.86487603189968,data_drifting
18.801249954092455,5.536652752527286,151.54959816787454,data_drifting
20.010487399436368,6.1857041546629965,163.36279845922456,data_drifting
20.093961187529484,5.718953310665067,159.38768393397203,data_drifting
19.099869057041513,5.9960476858058165,159.13327423356426,data_drifting
21.245699864695,4.2432049114305395,152.00100948957075,data_drifting
17.86475914123481,3.5781893332581562,125.80610780182802,data_drifting
19.71524102995741,6.501333651955487,166.4192740872211,data_drifting
20.2405912634238,4.677320161157864,150.7875544831892,data_drifting
21.0288776681175,4.749166983544953,153.4877948872844,data_drifting
21.42322975617778,6.328194141849058,173.2168678431343,data_drifting
17.750715816324263,5.55623000940066,147.85381109404045,data_drifting
16.931771658528756,5.455887772081607,140.09519120721544,data_drifting
22.55535364379702,7.165002344901084,185.50928884698166,data_drifting
20.66462802395918,4.356481769619857,149.90561928283796,data_drifting
18.503026926886893,5.927840128081237,154.06503122607248,data_drifting
23.102303951045045,5.057013124897084,168.6331272794356,data_drifting
20.231349268585717,5.268592278863257,156.18325834796164,data_drifting
22.358594368127655,6.528468426412532,179.46835202569176,data_drifting
20.13503696282022,5.507835756289624,156.42707024868625,data_drifting
24.121495849763974,5.538296079049633,179.03775774593765,data_drifting
23.510681684886407,6.072507337309802,181.44807178995782,data_drifting
19.502071703041853,4.635047270457115,145.63144047571237,data_drifting
21.94314190190871,4.160790332660993,153.28013588633965,data_drifting
21.290751899170296,3.955190805978966,146.4745600530854,data_drifting
22.737263115064696,3.0336434106239984,146.5370044375813,data_drifting
18.07015307883979,7.056207129940322,163.48489413531632,data_drifting
21.372102919996877,3.896791634278317,147.76623992576825,data_drifting
22.116848973699177,4.778746376414228,161.49606199250866,data_drifting
16.482521027153773,4.723186700111079,131.31039490589973,data_drifting
17.63348297466845,5.307406697809101,143.80608777732687,data_drifting
15.9215356444798,5.815737212539297,138.74538600909986,data_drifting
19.461186331110884,5.860473488359745,157.8871143882776,data_drifting
21.435084511591924,4.416922561431061,153.1702939143674,data_drifting
23.004714104192058,4.832878286213589,165.57766130513713,data_drifting
20.14818956083955,5.2825799504883,155.19722038024742,data_drifting
23.257231091142582,4.751308873816453,165.66777159820575,data_drifting
17.239797083570217,6.607345576019993,155.0984883494925,data_drifting
16.59323512128969,5.490974951638251,139.43916088559277,data_drifting
19.88890460220676,5.734877786049817,157.1867237707933,data_drifting
20.768130897878613,5.662881268667412,164.21905108027264,data_drifting
19.934610503811815,6.173473857485325,164.78924517260282,data_drifting
15.865115799920247,5.181021558703707,131.84353189153268,data_drifting
19.821759920974422,3.7031680520441537,138.83018793055885,data_drifting
17.391060998990294,5.399687951752641,142.44920974192655,data_drifting
21.339345097660075,4.348643106208171,152.44664376571313,data_drifting
20.733196492193695,4.471383318250243,150.6740397724844,data_drifting
18.12024042734529,5.586364018755093,148.23043452396107,data_drifting
18.972266165326612,6.238283071433636,158.46039587538303,data_drifting
17.881572956222097,5.021271576736062,140.93003949615485,data_drifting
19.874641805453656,5.308833012598964,153.54534723777667,data_drifting
21.910284641002477,6.702214944635238,177.74175044313432,data_drifting
18.028547907328914,5.240753179488569,144.4830930414809,data_drifting
21.00809303103569,7.601683114180394,182.34153630787162,data_drifting
18.93948476325512,5.565509645631544,153.03457233830366,data_drifting
18.414254335475313,3.239237240844182,127.9508902411543,data_drifting
19.785939280090883,5.753341621104532,157.8830593701297,data_drifting
17.92951535516125,5.381158384882777,145.6985651251694,data_drifting
18.892701389305635,6.289752754082746,159.86071959765857,data_drifting
17.6042442148223,5.6731813512699585,147.22503685773037,data_drifting
23.929450265832777,4.861544016016226,170.33864675724223,data_drifting
20.07052710394346,3.775701763710634,140.85233557518336,data_drifting
18.60054898401483,4.7909767427139744,143.39476129989455,data_drifting
20.427959821468445,4.1494795457907,144.39693214292194,data_drifting
19.775343900618342,4.419476550195277,145.94064106943375,data_drifting
19.558060800933553,5.58857840442061,156.5633788861406,data_drifting
21.22833340008685,6.669904504351406,174.07742593976974,data_drifting
21.51501542009461,5.394671529822981,163.55973023415046,data_drifting
18.938997704778945,3.8041169379648156,135.41948689635393,data_drifting
18.84836351871064,5.44460266822014,150.47853045617526,data_drifting
19.44989660569671,6.196631486645651,162.28877594270608,data_drifting
15.39615767052883,4.390217095680618,125.24683180406967,data_drifting
16.969617875602896,4.865982833327083,134.72193167865032,data_drifting
22.73374853488905,5.014688194729197,164.43458001858343,data_drifting
23.28993542700257,4.21510168691776,160.9045125997953,data_drifting
19.501927920887244,5.648280433843859,156.71400644800096,data_drifting
21.153113926111534,4.8790518513922185,156.32522177063507,data_drifting
20.622500309087073,5.419532443907028,160.7610866478267,data_drifting
26.157761616910477,4.1125078221979,172.57528050680813,data_drifting
22.23914982286915,4.56254169967659,159.51408473414327,data_drifting
19.744164817038467,5.722381357827771,157.33877684271116,data_drifting
18.088919118799147,4.627166847908233,140.43564197928535,data_drifting
16.787107359484857,6.726963851233405,155.19769066292645,data_drifting
20.406927271734446,4.600363814385398,149.27161791474285,data_drifting
18.487298509431394,5.224684725751886,146.13378266876725,data_drifting
17.15549258080465,5.93259083187309,147.96295910973396,data_drifting
18.706854231514946,3.5816342670669683,130.96348317845488,data_drifting
17.83690399277121,3.239191188019224,123.53102062611605,data_drifting
23.374283270145128,3.474343685429905,153.6402416255671,data_drifting
21.7632795138989,6.262584103427182,171.52256544756867,data_drifting
19.984054717366764,4.448141854107553,146.38785438181512,data_drifting
22.959888277780053,7.558199285668252,191.69170647151861,data_drifting
20.154736615295235,4.4357524013426115,146.6380842675025,data_drifting
18.277431597343472,5.184551303197037,146.67630302215656,data_drifting
23.046248154539313,6.542109952567875,181.39583340409607,data_drifting
21.077820087369318,7.006092888159123,178.2632345051858,data_drifting
17.925507691347086,7.061503576636397,161.9636112927676,data_drifting
19.619322643832785,6.208366230593143,161.9005153565995,data_drifting
18.248763493230484,6.024062525811463,154.27481462031875,data_drifting
17.234400538071327,5.592526949201183,144.43732347693737,data_drifting
21.85235509506328,5.778361076166638,169.61599923420232,data_drifting
23.81883328094026,4.448814283671466,166.55049390194884,data_drifting
17.202864852361717,4.1818011165776925,129.5010270444022,data_drifting
21.12593847338114,4.996625542589048,156.98371105828843,data_drifting
18.698714861756347,4.829815377475072,142.70657755697465,data_drifting
19.02574923247061,4.546771950672725,141.77105513910135,data_drifting
18.81521215152226,5.696387447456715,155.98902965748715,data_drifting
18.272018460640368,5.955305208570511,154.15782396964374,data_drifting
20.097043255889655,5.088406886291847,152.01821077615872,data_drifting
18.338099767177923,6.477530081055262,157.14334168969867,data_drifting
20.540913651559677,3.858310885866495,143.7695431781818,data_drifting
19.899523781101728,4.8063405407202815,150.10828911008943,data_drifting
19.52210390626718,4.283177679397195,142.9911801606252,data_drifting
18.184872675916804,3.13346338292694,124.00404141529974,data_drifting
18.846457338863335,4.917319314157301,145.28002557588678,data_drifting
21.51078245165151,4.878252491616716,158.66431669858406,data_drifting
21.001834375248762,6.5134497432421306,172.22956231495846,data_drifting
18.044889510402896,5.630811684554778,146.3132640248147,data_drifting
20.19866461085845,3.975813175670795,142.521655180425,data_drifting
21.502774246743577,6.854092566334188,177.20339046279943,data_drifting
16.66118943775726,6.221033695525353,147.69149556294832,data_drifting
21.08672038475987,5.582097703468616,166.23983796108894,data_drifting
18.674752482108307,4.773515901150168,143.47640308751753,data_drifting
21.14119733718632,4.04056076327652,147.79806463252442,data_drifting
18.473481686914965,4.627793223928947,141.56714217584155,data_drifting
16.39023579867096,6.088748619704186,145.32135307760586,data_drifting
16.744915124233675,6.884586305934609,154.9905331709663,data_drifting
20.096169893322763,6.543243528272189,168.52013534255138,data_drifting
20.519445003442964,4.511150578213726,151.76527436418164,data_drifting
18.191366749791182,3.880382566710989,130.6297709807399,data_drifting
21.27718491755475,5.1408862469112035,160.26841913369722,data_drifting
16.67695987546208,3.231560634437148,116.77402459170034,data_drifting
19.867840402705365,5.323167714184781,155.1263918017169,data_drifting
17.577967600475088,4.852397413701332,137.49512562790267,data_drifting
18.69632778439568,4.533963498131758,140.4039070896909,data_drifting
20.094797342632827,3.4052969327332043,136.23186612625827,data_drifting
18.279173269432096,5.513600106569717,149.50768413220237,data_drifting
19.23088891154035,4.467299160338088,143.74589060502504,data_drifting
22.01258561842888,3.8300831642897117,149.11804235859515,data_drifting
18.846216260953703,2.1277377867183507,117.56339328295186,data_drifting
21.671384224130282,4.972485094949364,159.37219221539587,data_drifting
17.740586290684764,6.772251596669744,157.16694250944593,data_drifting
21.059608355830566,6.66125921454787,173.69361687420715,data_drifting
22.8831372413158,4.542903743413728,161.53624085226048,data_drifting
15.056710999745421,4.39778793963822,123.68815088145485,data_drifting
18.406209489059048,5.468774256075024,149.15174983140616,data_drifting
21.15414425436108,4.001614560811708,146.40924937916824,data_drifting
19.593909227914015,5.301791899819466,152.4226911335938,data_drifting
20.742291746742616,5.76608027838469,164.39364481298938,data_drifting
18.792029626568358,6.226933223884307,160.3179231445548,data_drifting
20.1731795749458,4.899845923520047,150.2783737976915,data_drifting
19.68864552921584,4.796326249823034,146.5265657591705,data_drifting
22.335564123319614,4.122017413243439,156.76895992440427,data_drifting
20.508841686602427,4.17311964596014,146.66501906998445,data_drifting
20.675205324150404,4.773521108098473,152.24294496986036,data_drifting
19.176246067755066,5.367365506816178,152.08951449305954,data_drifting
19.024787551855013,5.913584626233249,153.6240362825907,data_drifting
19.134883624360757,4.196821049319655,139.64600412159749,data_drifting
20.788904284756594,6.4926885689595215,171.19922828622126,data_drifting
19.158031038359475,4.728876398957431,146.0031893209095,data_drifting
20.579549713792826,4.978632705651564,153.67017967318725,data_drifting
24.15080159729088,4.252788320852177,165.36757835637954,data_drifting
21.742249406863383,2.5757597397270584,135.5434198055279,data_drifting
19.347952935664317,5.884045396361049,157.8356023976064,data_drifting
22.40242784432789,5.736843897092434,170.48523187020075,data_drifting
19.183849253956897,4.718672442881787,144.6978698594421,data_drifting
15.923750929644292,5.066990717224872,131.29284642567993,data_drifting
17.98382737816519,5.5159392177041,147.7296653096906,data_drifting
16.25841615794829,3.4374541431134573,118.52507333753269,data_drifting
19.296973031917382,4.470947322653705,142.95971781616657,data_drifting
20.036836758379103,5.794264679621827,160.16506858307383,data_drifting
23.352874624550566,3.7457105768307506,154.7728874764268,data_drifting
20.653854747528325,5.293557932166629,157.9051764113011,data_drifting
19.56179894238227,3.643418195376595,136.19297204863557,data_drifting
21.658811162366977,5.466429982433526,167.57914872720013,data_drifting
15.57772938198423,4.964358517702516,128.42026506117213,data_drifting
20.47122911621713,3.3848681840944908,139.669004660783,data_drifting
21.541730387773935,6.164739354457171,172.3529042569072,data_drifting
17.04282750844032,4.265408423201951,130.14885817871124,data_drifting
22.287508086413858,4.189747562985619,157.0936365461206,data_drifting
20.67699281498883,5.2005691972309425,157.76276151986045,data_drifting
19.169424172198397,6.148637349428715,159.72265355094706,data_drifting
21.26556373221257,3.984178181021603,148.11647981826135,data_drifting
24.54138571560879,5.061679849847971,176.54729595894227,data_drifting
20.36373251011699,5.428816500330573,159.20329678770156,data_drifting
20.496441172600672,5.693105607263144,160.7875846481386,data_drifting
19.081278200919513,5.176441555277226,147.85155936277104,data_drifting
18.300311261070416,4.632972160916678,139.6282972771232,data_drifting
21.66067163308849,4.17240977935128,151.22741739455762,data_drifting
18.287832348182267,5.0861438830463745,144.23707599675973,data_drifting
20.143132474438787,3.927860988014393,143.231710387022,data_drifting
19.044685106469768,2.0786495165053926,117.55261904231598,data_drifting
20.957959651492782,5.4365598041576675,161.11257291772904,data_drifting
20.667324210573895,5.903934841086195,164.4339921985398,data_drifting
22.0750798885158,2.6370675644581616,139.5945059693659,data_drifting
18.979967202290506,3.9902692952900622,134.55563963036855,data_drifting
19.460250129413257,5.619154261005198,154.88609296235296,data_drifting
18.042472568435386,7.057495469711698,162.99860123157336,data_drifting
19.111413479847776,5.020793707675408,148.96508343241985,data_drifting
20.754600986089706,4.271997058770865,148.001073070651,data_drifting
21.513977233290703,4.81710355889516,155.86436904936323,data_drifting
18.15566935164475,6.374876419148185,157.14682239567176,data_drifting
21.739211840211322,4.354035820875465,153.60105502098565,data_drifting
22.7112757176099,4.200807993349747,156.37479186245662,data_drifting
20.8268698064474,4.517256477817968,150.68256842070346,data_drifting
23.753591625116133,4.046671391741287,161.0501466853377,data_drifting
18.452421601792853,5.122670315994796,144.884066504374,data_drifting
17.510690593377166,6.62467845846956,153.59467149448236,data_drifting
16.442559502191443,5.323079273116029,138.34065643900465,data_drifting
22.992088622978365,4.7476464978737125,165.7117831349077,data_drifting
21.308731312708115,4.708188731084456,156.27706586572464,data_drifting
19.88883065817909,3.436809191303343,134.67455953350407,data_drifting
20.559937252639642,5.883109777147159,163.42929250072228,data_drifting
17.749021905403247,4.922162802987198,139.96021624165877,data_drifting
24.891503959233653,4.819520086409375,175.25151504982392,data_drifting
20.258442363950454,8.19310756784486,185.89162798691896,data_drifting
20.218789589209784,5.298752908365686,155.34730323092728,data_drifting
21.451533247797386,4.248208949904816,151.82175129444866,data_drifting
20.962018463473427,4.573642403794457,153.00379675992696,data_drifting
20.447768048558263,6.148445709196755,167.1791196569056,data_drifting
18.419051089109377,5.113270410537765,145.93246609074927,data_drifting
20.94293671427199,3.561722021682633,143.1209604755618,data_drifting
23.764048992950066,5.919228934575203,180.09636093843173,data_drifting
22.690840092309955,4.331855914461006,160.18321875136334,data_drifting
23.186373253278795,6.873297776217545,187.0746068245289,data_drifting
18.97756864713763,6.0800480657146485,156.82723598266105,data_drifting
18.020790359482838,4.552678104341249,139.03410281095188,data_drifting
19.748426159800704,6.281016361735113,164.25019768889368,data_drifting
20.111449824577388,5.067855510527403,152.7927602070325,data_drifting
22.188383036941897,5.8527736751222195,170.99015896853243,data_drifting
16.61507074057036,5.484732817294475,140.2192574209373,data_drifting
23.059100638921226,4.153643345009127,159.295121439965,data_drifting
19.683984202842023,4.356450167682538,144.1817149566667,data_drifting
19.14623786010516,6.029960817581161,158.34210614978028,data_drifting
17.975791249479666,4.665224667893459,140.2311603009093,data_drifting
16.690286656268462,4.596351536758004,132.48649180115723,data_drifting
21.64634116792383,4.044877420650647,150.87111563739063,data_drifting
20.146635934376807,5.423599065593461,157.91048090858612,data_drifting
17.420078200517892,7.062524919243145,158.69311629149337,data_drifting
17.409842455872766,3.932467085745727,128.7718101867679,data_drifting
19.328430601419743,5.024219456672758,150.6936539235594,data_drifting
23.338043050578786,6.412220555415429,182.59437491165585,data_drifting
19.48081729727279,4.9203586087542845,147.76003864528772,data_drifting
16.99371409376379,5.452371796249734,140.84019954272324,data_drifting
19.50851387182811,3.9376064718531203,137.82900104032936,data_drifting
19.45455286050466,5.428307097207648,152.77107336647208,data_drifting
14.606226714116858,4.812855734995451,122.78918282194877,data_drifting
19.891410266964375,5.985729995679863,159.90878427244184,data_drifting
19.538130939582643,6.187386051564751,161.58013354751031,data_drifting
21.392412729626837,7.589563642018614,185.759977242107,data_drifting
23.69791218989069,5.579633173213575,175.37813650144227,data_drifting
22.253130059095515,5.325796316582166,168.04289738494103,data_drifting
19.46222261889034,5.194384301577336,151.76574819875268,data_drifting
17.78694818251666,4.6468337071893115,138.43365857010045,data_drifting
25.146719606499722,5.338483843461691,180.4606019132634,data_drifting
20.118436868028976,4.704598589860971,150.49269546582119,data_drifting
20.027858583825893,5.168460976269614,152.73196878143028,data_drifting
19.951749825779995,6.31759753560796,165.8249719858161,data_drifting
20.39616952153571,3.9934574347203586,144.08726129467567,data_drifting
19.711279176152114,6.139878561129045,162.5084327120358,data_drifting
18.85267598623953,6.3171150673398655,158.25893599897148,data_drifting
18.906282117519215,4.881931473008922,144.4556554754087,data_drifting
19.934493459568003,2.8781451009914054,131.05114652600744,data_drifting
18.91315045773247,4.392178012905568,139.53918441349384,data_drifting
18.574308434645673,6.296994546561109,158.30469393093858,data_drifting
20.212860455383794,4.977131937701118,151.46848384746988,data_drifting
19.49004556515829,4.0006977677050894,140.305379715509,data_drifting
23.007985977165376,4.4952250787717825,160.7596573587762,data_drifting
14.698060383213976,5.840620026504553,134.44880211879493,data_drifting
22.183013703844924,5.546733568201379,169.0080351348844,data_drifting
22.49217038499526,4.761067900830306,161.37475911484978,data_drifting
15.853219535183701,4.6331755881853125,128.17988012485637,data_drifting
19.314624811839302,4.608241850956178,144.91598483209182,data_drifting
19.257118268008416,4.077589815501497,138.52264763886433,data_drifting
17.18497661056436,6.615375689469442,153.07008526344,data_drifting
18.44436662481825,4.6776795307886605,139.0360027403053,data_drifting
17.778848309068344,6.217158520825496,153.41547680089636,data_drifting
23.504540886847245,6.521316051922451,183.1710621820987,data_drifting
21.87135678629492,5.9983108981479605,171.43523711239553,data_drifting
22.54311018998832,4.5683796872819515,160.13589960667886,data_drifting
21.44334412808647,5.40373009033661,163.93316431923665,data_drifting
17.74189645756554,4.975804393609084,140.1654807244287,data_drifting
18.950959467440452,4.096298139269872,137.3883309435539,data_drifting
20.978749122455834,5.324359281721603,160.8692091337835,data_drifting
17.55574438221611,3.8209602088401975,128.3233820285666,data_drifting
21.425996860344775,6.1876793884615635,171.3229341435223,data_drifting
19.51934920368373,4.535382702701607,145.41984063524328,data_drifting
19.250358384900807,5.201159655872839,148.72781636002532,data_drifting
21.421919936406983,5.283287871546142,162.6992670774833,data_drifting
20.88852662297208,4.741095026295922,154.46605217183324,data_drifting
19.27806766836184,5.586693801475275,153.24059322798544,data_drifting
22.318659606728495,4.525096343377475,158.60018099374304,data_drifting
17.837873344800204,5.871297297457244,149.86303241094583,data_drifting
21.231871213888528,3.6540203197532515,144.5650624825734,data_drifting
21.186202515936767,5.126379579546412,159.52866834171647,data_drifting
19.38090712137202,6.938928999058285,169.72519237927412,data_drifting
20.652266044484236,3.9996686753944255,146.33978370403827,data_drifting
17.497772847229395,4.322255029475149,131.39919533746706,data_drifting
21.848054038413803,5.513907849658915,167.00141867896423,data_drifting
19.63019572711402,5.179581781939598,153.2757297745015,data_drifting
18.95455395896192,5.350630099273559,150.66587930823442,data_drifting
22.098018451673777,5.489187130147664,168.4729439850315,data_drifting
18.591312618914483,5.63472146856177,153.31604822589088,data_drifting
17.18307740727288,6.109699841956223,150.0360950020336,data_drifting
16.886741652952193,5.409818656928513,140.78120342968785,data_drifting
21.212019902691278,4.7587423453814575,156.69261144135572,data_drifting
17.439141295007435,5.672573701202731,146.0663313201614,data_drifting
23.509588363968728,6.899881934895216,188.57066421208074,data_drifting
15.836141184232556,4.867366253617426,129.50295422162333,data_drifting
23.392912736580076,4.025470695329359,160.7826839950261,data_drifting
20.422034934405236,6.107080669286972,164.3625526989539,data_drifting
19.806573776259214,4.879618836046402,151.36142496643822,data_drifting
18.9101618263821,2.827330453985964,125.32397779551052,data_drifting
20.798272228704143,5.847421677150422,163.066271740223,data_drifting
19.924730595150304,4.464671814046078,146.6380204092037,data_drifting
22.206603764033044,4.909466717695839,160.027659489472,data_drifting
20.22845529732408,5.3319803305690145,157.08758780914158,data_drifting
20.300603522923755,5.190499679779067,156.29324589539843,data_drifting
19.27277557557229,5.70945181713904,154.8660400935998,data_drifting
19.886108752557867,4.564513629430157,147.19922775304647,data_drifting
20.615603537784118,5.513105798176083,162.16323310443173,data_drifting
16.57966321468675,4.740453322416083,131.79710259333265,data_drifting
17.303629155788574,5.738810480887503,144.8473430007613,data_drifting
21.48652818804543,5.615367484013054,167.06797918282027,data_drifting
20.341730876255884,4.064561297955405,146.31685455136426,data_drifting
19.632033327294643,6.085982116175032,161.02368347007138,data_drifting
20.036867866130788,4.464036554885952,147.83616791492182,data_drifting
20.695163410723342,5.808057798281145,164.89787095195905,data_drifting
18.920480639381278,5.367287313401341,149.53279209838144,data_drifting
18.443390549195374,6.838183676795122,162.11348367856021,data_drifting
20.391690510195364,4.776534017628148,152.95466724041302,data_drifting
18.043254444769936,4.650683203881803,140.4081185413762,data_drifting
20.816505511428943,4.980580394112267,156.45121235844172,data_drifting
16.59483279152432,4.696820217165724,131.06255177577677,data_drifting
22.058311274651288,5.79994190194205,172.2780365043764,data_drifting
20.945194964826086,3.3836893915634123,140.0318978419526,data_drifting
20.51205946862775,3.9463175808536457,143.68833537050375,data_drifting
21.965381967891027,3.932197078420807,151.49121845815284,data_drifting
23.330948888925153,5.9503075919735755,179.7119807850763,data_drifting
22.02874013003626,6.710613372581925,180.10381035255276,data_drifting
16.31825153733671,4.8955507814625285,132.96163100167075,data_drifting
17.440846066528596,4.83117827680999,137.97930163086096,data_drifting
18.75036284460864,5.070052163113181,146.4958505228185,data_drifting
20.052182100421668,6.161878302608191,164.43783304270875,data_drifting
21.035318040938247,4.072646865809426,145.3734987850912,data_drifting
18.548512373693068,5.2383689827347855,146.8296442367434,data_drifting
20.373533528954155,5.975197629782429,163.86096587751186,data_drifting
18.489234135293355,5.5010941699398455,148.3060982922457,data_drifting
18.776964394016105,5.189581616598743,148.1669614538795,data_drifting
17.186677806303557,6.001046092567141,147.73937873620307,data_drifting
18.153533507778192,2.296767707000763,117.49082030721408,data_drifting
17.29663078876733,5.677875319530908,146.8349268643606,data_drifting
18.048253494045333,4.345924316872576,135.23470506983426,data_drifting
22.10728359321568,3.169367103143543,144.07925128594712,data_drifting
18.101202222336113,5.511202599524981,147.544089541322,data_drifting
25.26476412967478,6.373658545162957,191.60874662384384,data_drifting
20.98663580176178,4.862551485372308,155.7537188465601,data_drifting
20.369672247389747,5.9528745472029385,162.61882464009054,data_drifting
18.283284439637573,6.612278257988645,158.4085894431368,data_drifting
21.40061975881798,6.314914453584048,172.77495455383067,data_drifting
18.848724347524453,6.639964529371393,163.272796615558,data_drifting
20.244019629290722,5.7421274910718925,159.83705729751253,data_drifting
25.12016907653759,5.075433638901592,179.2505372024665,data_drifting
19.8078802005507,3.3980341881028315,134.38816515461647,data_drifting
22.298546652571353,4.753937511870052,161.28527361959527,data_drifting
18.593647149748225,4.156753404683808,137.35611380819165,data_drifting
19.930023019006075,7.170942717497814,173.32592970530482,data_drifting
23.54160127127102,4.824114187567663,168.4038891441729,data_drifting
18.746065884424464,5.123204806784486,146.44594784607963,data_drifting
23.624897115993857,5.551485376040468,175.44287275694586,data_drifting
21.41550387091095,5.043602446372454,159.30768438739895,data_drifting
18.875066448211463,6.695051040430753,162.5792642988246,data_drifting
21.264815478111043,4.377350638265548,151.9208096100949,data_drifting
21.94510889925346,5.194607455237243,162.12300074977597,data_drifting
21.24361992443439,4.257529414301952,150.30224001804936,data_drifting
16.859550560219088,3.6799774887792944,122.81265219551872,data_drifting
18.545725648350263,4.388230909094714,138.3547575802031,data_drifting
19.50496272889699,4.962963202951588,148.91294822813006,data_drifting
19.851133141799906,4.57069777548274,146.9008792639668,data_drifting
21.241344195101355,4.307579020126144,151.7619526948543,data_drifting
20.35540200186651,3.593682536328166,140.5883524467467,data_drifting
17.3293112825798,4.9168944273713056,137.16573545976377,data_drifting
20.760395702011927,3.4952796259689975,139.55157391436043,data_drifting
21.221171490567645,5.760055963689602,164.66437267749114,data_drifting
21.11958089586208,5.082439752934503,157.93509908746051,data_drifting
22.161561451109243,3.5424485005350697,147.8803709430804,data_drifting
21.66784430909781,4.6907909229501366,156.47713470879296,data_drifting
20.918360158456874,4.247843594409417,147.77412007212865,data_drifting
19.859668577082704,5.31917451041918,154.03396716213112,data_drifting
16.678078132968018,6.340450446023144,148.9763217451855,data_drifting
20.85923643826517,3.1248275303542554,138.13948696070398,data_drifting
20.41537537432622,5.115026079147417,154.66971460999696,data_drifting
20.54315767439075,4.83986720443336,152.70146259414392,data_drifting
17.44650284835938,5.671340076450465,145.01921669745425,data_drifting
17.837886919183475,5.213196628237689,143.2899617079195,data_drifting
22.106305706665808,4.248030668261181,154.16340658175002,data_drifting
19.92088969228669,4.680946064333382,148.98703691800847,data_drifting
21.36300139474525,4.203974143196511,149.06888191375725,data_drifting
20.05663675226092,6.076007138598598,162.68362547483812,data_drifting
20.05951227899149,5.021311648671942,152.81178522086861,data_drifting
21.876567611951995,6.901190685753008,180.57857943361253,data_drifting
18.967910543565253,4.9393391861853795,148.92597824366055,data_drifting
20.192241553881967,4.291593233089538,146.22694012487312,data_drifting
19.075449422589916,3.486285607387173,131.2360485899793,data_drifting
19.13100754513537,3.1968603237440547,129.52817671602833,data_drifting
19.38165575306272,3.4158640569945105,131.29067300179227,data_drifting
20.444267543267426,5.267126651011483,156.8120044771552,data_drifting
19.042502756673045,5.508725023229934,151.4667079586638,data_drifting
22.511512251147042,3.418809297967867,149.66104451097405,data_drifting
18.210785395560993,5.895038314076116,151.4547698439706,data_drifting
19.626256711677282,4.516938948316561,145.18390712575678,data_drifting
19.12053788345165,5.146793011985549,148.43506169570935,data_drifting
22.893955768707464,6.612220628255424,184.3308364779449,data_drifting
20.393109553023148,5.896839315865532,162.61269815765314,data_drifting
22.06368907893727,4.731469352094168,161.46569595910722,data_drifting
17.028879253926057,4.1088077745847125,129.04662577759566,data_drifting
20.534100531738517,2.848184598670695,133.63441537273494,data_drifting
21.779261591246875,4.28084668075758,154.0735079111277,data_drifting
20.16456797855085,4.788869761172306,151.10533480269353,data_drifting
22.130960750130704,4.012820472848816,150.85533589979607,data_drifting
18.965423099799256,4.8687430329076955,145.23566243392247,data_drifting
22.81869488037116,5.076851882958768,167.7071512026278,data_drifting
24.5977962472385,4.775144018191922,172.69152423463763,data_drifting
19.27432287912068,4.349997419176541,140.46639874056524,data_drifting
19.108994957198455,5.168654671966728,149.1791170550821,data_drifting
22.906768954235403,5.441940649569409,172.6573567831266,data_drifting
23.159144291461423,3.909600922557154,158.1386223984134,data_drifting
18.954279945693465,6.41093237974627,160.818719516564,data_drifting
19.159626365808286,4.901411867715738,147.7636997832569,data_drifting
19.436430782278986,5.018849622944848,149.00414312047536,data_drifting
17.311098977931447,5.708214423256557,143.9337675353961,data_drifting
18.162696107031604,5.233216131263502,144.2211758596635,data_drifting
17.991718466495865,5.953136633913245,153.05284744012,data_drifting
18.464404869791743,5.287124165201824,146.91927291914766,data_drifting
19.930630225226437,4.387562625359562,145.2853934003528,data_drifting
20.46842946507304,5.361503525206102,157.65734438115135,data_drifting
23.101000985628154,3.856273792679338,157.97187944450715,data_drifting
18.003291918522418,5.108559705776523,144.7280155657394,data_drifting
21.968644796953168,4.966770009355539,163.72970431176938,data_drifting
19.57202231154898,4.79188314272746,147.61989777461946,data_drifting
19.901072580695136,4.871462488561069,150.51561227783347,data_drifting
21.349638984333208,3.1181509545023607,138.41306191726886,data_drifting
17.754555956875404,4.4512750922590385,136.76246513308567,data_drifting
20.7648194923681,5.092844901141115,155.58476692198371,data_drifting
20.33290441642611,5.1598563919974,155.4798615658672,data_drifting
20.9849025280163,3.9723248590740416,145.55045870318907,data_drifting
20.578337287815636,6.2657078408647005,166.9598980209865,data_drifting
24.91060027982179,4.1338251517855,167.05399048591423,data_drifting
18.724520031497367,5.969457200526737,154.70929690207836,data_drifting
18.938006089996364,5.427194361871685,150.4228513655497,data_drifting
18.75371894715047,4.353772690156197,138.75805284238928,data_drifting
18.88904576167949,6.775310892609512,165.03167164627286,data_drifting
18.725225745386965,3.8063631682435197,132.5848976163075,data_drifting
22.378033062215103,5.919154173610002,173.3022484741894,data_drifting
22.84100849597971,6.000582318042978,177.4288248126339,data_drifting
18.858507412501048,4.329379790923355,139.0731386072254,data_drifting
18.335288853791543,6.392465300064329,156.8831783788534,data_drifting
20.942831112772808,4.749953485401047,153.98316579269428,data_drifting
18.895553911438057,5.288693629279857,150.54443105834957,data_drifting
21.26586363551102,5.260321838771221,161.12664419622067,data_drifting
20.4058460417026,4.865691258529452,152.1549284991999,data_drifting
16.968511770005534,5.8108082731597825,145.43451823281353,data_drifting
23.095010402660122,5.793488720552213,174.3076470689863,data_drifting
23.591755346191043,3.2514680267618195,153.15481650901634,data_drifting
18.774422619031228,6.304340242878153,159.32412283163944,data_drifting
19.224596880128033,3.3375080119643257,131.19025604914455,data_drifting
20.57173078144981,6.032546204341657,164.34553015221837,data_drifting
20.66891357997405,6.126705136827583,165.7249383458626,data_drifting
21.317088545345662,3.9090335697848015,148.21059576092225,data_drifting
24.020409077532697,4.589185712045415,169.2228830106067,data_drifting
19.646105545011903,3.8942953315140643,138.53617329317137,data_drifting
18.403405510923093,4.785078969711265,142.32620395527962,data_drifting
17.241361543970946,4.691965715814259,133.03943785939526,data_drifting
18.538139920116162,5.7796605322693395,151.90268719261704,data_drifting
19.933746054252406,6.310308746119608,164.7407587995872,data_drifting
23.589115727035576,6.395683810789956,182.9927333260956,data_drifting
18.964777401927655,4.437831973421698,140.26570036906566,data_drifting
20.447575903277798,4.790778126255472,151.47788122247482,data_drifting
19.967154207854495,3.31656180777905,135.29358184538933,data_drifting
22.376786546896167,4.194129933503811,155.63790305111257,data_drifting
25.053864851747242,5.9648516330974575,184.67960935638584,data_drifting
18.938262454159357,6.615582823548232,160.72644035364405,data_drifting
19.021121114963556,3.765651128120078,134.1552516781614,data_drifting
22.088321754138143,4.407535740847106,156.97465276521532,data_drifting
21.363782979252623,4.973594243041073,155.8073524839486,data_drifting
23.693414651472068,5.280161158819607,172.76895466940476,data_drifting
21.16785637065193,4.190396480078354,149.21699879752578,data_drifting
19.28141581842588,5.424061044464089,154.03602731497875,data_drifting
21.181309661384617,4.526160652929084,152.78313302450107,data_drifting
22.217407161165816,4.985547729121721,163.32550208178722,data_drifting
21.64096436239473,5.546284248003699,165.80892143209812,data_drifting
21.014548062214594,5.006422269810938,155.00639652937514,data_drifting
22.13334937917831,4.5636141094734315,159.0710952072576,data_drifting
22.338591180891346,4.890390196074169,162.8122543706547,data_drifting
22.764317982075056,4.911637040794664,165.4462289579965,data_drifting
21.297419775179286,4.629988970117872,158.7132262835115,data_drifting
19.665763839366292,4.741203937332898,145.65674563066185,data_drifting
20.293427372866645,6.598647170504717,171.1783052191415,data_drifting
22.413017933016715,5.560919447941239,169.3868366250956,data_drifting
18.366128658025527,4.704519681970839,141.16316901423903,data_drifting
20.737346617745803,5.696954404510736,162.61076488853513,data_drifting
19.213322375345278,4.66618051024399,144.30418064576824,data_drifting
20.057489645869634,6.173124637586641,163.44886167697584,data_drifting
22.556903725214596,5.369642192198094,168.81044928362692,data_drifting
20.382198136039808,4.892697855995771,151.32079554348508,data_drifting
20.092873096312296,5.447716925810278,157.69211390718604,data_drifting
17.28028771804016,3.4291238479315007,122.27648266463055,data_drifting
21.492507132054442,3.8732325310901947,147.06479163213382,data_drifting
21.29096836228215,3.8060749936009444,146.0655788894244,data_drifting
24.32650944661092,5.142943094763707,176.31912739755424,data_drifting
19.384443530094,6.732514999485092,165.7120325583047,data_drifting
20.43830065532788,7.231300146192632,176.86295835677532,data_drifting
20.49876736742151,5.638051101440757,160.14339157579965,data_drifting
23.15490655952695,5.500844474944457,173.54089939700296,data_drifting
19.809408935226095,3.1989422658472613,133.72197507339328,data_drifting
20.55804305154068,4.457326200265978,151.2120860936596,data_drifting
21.21579301943308,4.212216248091761,150.02556363258378,data_drifting
20.373218246312717,4.379152401748884,148.32627005381033,data_drifting
19.107132770898943,4.83185618141521,145.95229320818575,data_drifting
20.388179985796615,4.527909422302873,150.5158659338748,data_drifting
22.147263499719543,3.020700189624212,142.2244870072311,data_drifting
17.94696940117788,5.7479102561175335,149.958954879942,data_drifting
20.265939348293752,3.9272569742601933,142.407569187954,data_drifting
18.599758370121652,5.239246864111149,147.32707231461126,data_drifting
22.390093257849685,7.0740826697499735,184.78304547119652,data_drifting
16.953626190432452,4.080615408413577,127.82652543272471,data_drifting
18.882156305456824,2.4697124772536703,120.99167725669886,data_drifting
20.754423750129043,4.713995778119889,153.1267897150146,data_drifting
23.131048058468682,6.100959634998571,180.2429546998913,data_drifting
19.868499477854023,6.958347454220593,171.91142161709126,data_drifting
18.889600946613605,3.7704504055475834,135.02166338104075,data_drifting
23.76231413888118,5.496699223236522,175.32302340074725,data_drifting
17.10397219916751,4.5346895432199466,131.9775155998087,data_drifting
15.602388086759836,4.894051645695864,129.90775744899557,data_drifting
20.880028900106666,7.644343347017035,183.71962476323347,data_drifting
18.99589155129478,3.497029671604847,133.42242514827333,data_drifting
17.957534365738574,5.253739661494573,143.72108781766937,data_drifting
21.416712894598707,5.467693171765434,163.5309475352875,data_drifting
20.487601427542398,6.085786324939347,163.65638622458005,data_drifting
18.871842738526542,5.097983153470896,146.9465741212808,data_drifting
17.43939120265821,5.308050539504102,143.27403191891153,data_drifting
21.74491465656029,4.608351432578209,156.34159222935534,data_drifting
21.30040235591732,5.269126941245108,161.83376098723852,data_drifting
19.801648272441234,4.656807724502589,147.38581550123425,data_drifting
23.69327399209533,5.6215718898560505,177.00614588725873,data_drifting
17.859830467347695,4.630389663956366,136.45535758648649,data_drifting
16.94894965815052,5.377100393902187,140.60096167940839,data_drifting
18.616183860237513,4.970737186315022,141.79715519343705,data_drifting
19.908827967289003,6.126050250772169,162.61774618600472,data_drifting
20.486678898645383,4.948606276411514,152.28898401362693,data_drifting
19.51752788428734,3.2269675317931186,133.0633092559147,data_drifting
20.704110793028594,6.261921500713992,168.9171763250474,data_drifting
17.496921151619112,4.094267699137381,130.89395373143546,data_drifting
22.887529208146518,4.34623366135118,161.42098888140376,data_drifting
19.835697643214864,4.404338705956508,144.27295875481457,data_drifting
22.234591663176253,6.374438093170817,178.664702445505,data_drifting
20.68545069275541,2.8643257860213045,135.0027028882505,data_drifting
20.913506438307568,8.137748533659995,187.70846224091883,data_drifting
21.13953456046441,6.056056809066051,169.3938610401655,data_drifting
20.89541712003463,5.223238914129159,157.60318122905312,data_drifting
21.285445519735088,4.945105999383713,157.0537734309849,data_drifting
22.658305060264862,5.285554074857657,167.5384763266612,data_drifting
20.39304233940294,5.521122428379338,158.64745827274407,data_drifting
21.418007515177024,5.645215585950057,164.48563579262543,data_drifting
19.820528611425548,5.555604466003448,157.88177078425755,data_drifting
22.880234430898945,5.089580681255248,167.03812456667737,data_drifting
18.64721539588146,4.802661579692674,143.6151977446909,data_drifting
23.60188086582163,4.848726716346488,167.92632012615934,data_drifting
19.919684098711315,4.805091719647319,147.82873438948124,data_drifting
17.138449795763904,6.133770096867065,149.3000073058816,data_drifting
20.256208829821578,5.593556722280862,157.30435639649673,data_drifting
18.637896685050237,2.0596113653357198,115.71696303252291,data_drifting
21.68128709797745,5.655900776529761,165.59712821635205,data_drifting
18.69475204139522,5.194736194718775,149.40839815339464,data_drifting
19.10763313357044,4.981291243554103,148.26244082556795,data_drifting
16.22091853810894,4.611481546911114,129.3251619509273,data_drifting
19.095387361501846,6.124112719986013,159.98177068502406,data_drifting
15.152241346742088,5.947526462122858,136.3901553774733,data_drifting
16.832194353028555,4.227122332176391,128.9756744655768,data_drifting
21.520829312288594,5.407052287124535,163.87447986640703,data_drifting
21.571600317301666,4.028343265458714,150.40545432242914,data_drifting
20.85091512356993,3.6203818352110693,143.73074747006712,data_drifting
18.066047713741575,4.3732827754100345,136.795558425588,data_drifting
19.90457728771604,5.862393472382759,160.4355448252328,data_drifting
19.992794921818863,5.953125045376087,159.84033762662688,data_drifting
17.683270621614916,5.513085420097293,144.58716101376805,data_drifting
23.0067966035343,5.725095786847997,174.16223195255574,data_drifting
21.754724581151343,5.5161782871149585,166.02877815118293,data_drifting
19.558071652340672,4.3585184047770476,142.24533858479992,data_drifting
20.05377167798906,5.431922544673941,158.99976051226315,data_drifting
20.416765615895105,5.800409525227682,163.60431738700592,data_drifting
15.916530263151419,5.754291329813574,139.72768293428533,data_drifting
19.505645234958806,6.1889133714746425,161.4893967508242,data_drifting
18.636031504004404,5.708303847201064,152.0509870221315,data_drifting
17.996759980210168,5.351448207541583,144.54636351644444,data_drifting
19.437799414228092,6.070150238316428,159.9679799728236,data_drifting
23.595373053699046,4.97347874075094,169.96940521614738,data_drifting
21.28168572253402,4.118125348772282,148.3479215249113,data_drifting
18.857642020434405,4.836933036056236,144.9917168799793,data_drifting
21.145165562712318,4.255097355193551,150.12154231667236,data_drifting
